Workbook

Sheet Read me
A1: Social Enquiry Routing: tracker
A2: Innovation 2, Q4 2026. Owner: Silas Atuahene Appiah, Digital Marketing Officer
A4: Sheet | B4: What it's for | C4: When
A5: WhatsApp links | B5: All 15 tagged links to Sales (0244 122 855). Copy into saved replies, automations, bios and posts. | C5: Set up once
A6: UTM builder | B6: Builds tracked links to the website or portal so Google Analytics shows the source. | C6: Every time you post a website link
A7: Baseline DMs | B7: Reply times for 20 recent DMs, taken before the automations go live. | C7: Week of 5 October, again in December
A8: Weekly log | B8: Enquiries, automation, tagged handovers and enrolments, one row per week. | C8: Every Friday, 10 minutes
A9: Dashboard | B9: Q4 results against targets. Updates itself from the other sheets. | C9: Monthly report
A12: Legend
A13: Yellow cell, blue text | B13: You fill this in
A14: White cell, black text | B14: Formula, leave it alone
A15: Grey italic row | B15: Example showing the format. Not counted.
A17: Ref code key
A18: FB / IG / LI | B18: Facebook / Instagram / LinkedIn
A19: APHRI / PHRI / SPHRI | B19: Programme the person asked about
A20: CONSULT / GEN | B20: HRCC Consulting / general enquiry

Sheet WhatsApp links
A1: Tagged WhatsApp links to Sales
A2: Number: 0244 122 855. Each link opens WhatsApp with the message and ref code already typed. Test every link once before use.
A4: Platform | B4: Programme | C4: Ref code | D4: Message the person sends | E4: Link
A5: Facebook | B5: aPHRi | C5: FB-APHRI | D5: Hi HRCC, I'm interested in aPHRi for Cohort 49. (ref: FB-APHRI) | E5: https://wa.me/233244122855?text=Hi%20HRCC%2C%20I%27m%20interested%20in%20aPHRi%20for%20Cohort%2049.%20%28ref%3A%20FB-APHRI%29
A6: Facebook | B6: PHRi | C6: FB-PHRI | D6: Hi HRCC, I'm interested in PHRi for Cohort 49. (ref: FB-PHRI) | E6: https://wa.me/233244122855?text=Hi%20HRCC%2C%20I%27m%20interested%20in%20PHRi%20for%20Cohort%2049.%20%28ref%3A%20FB-PHRI%29
A7: Facebook | B7: SPHRi | C7: FB-SPHRI | D7: Hi HRCC, I'm interested in SPHRi for Cohort 49. (ref: FB-SPHRI) | E7: https://wa.me/233244122855?text=Hi%20HRCC%2C%20I%27m%20interested%20in%20SPHRi%20for%20Cohort%2049.%20%28ref%3A%20FB-SPHRI%29
A8: Facebook | B8: HRCC Consulting | C8: FB-CONSULT | D8: Hi HRCC, I'd like to know more about HRCC Consulting. (ref: FB-CONSULT) | E8: https://wa.me/233244122855?text=Hi%20HRCC%2C%20I%27d%20like%20to%20know%20more%20about%20HRCC%20Consulting.%20%28ref%3A%20FB-CONSULT%29
A9: Facebook | B9: General enquiry | C9: FB-GEN | D9: Hi HRCC, I'd like to know more about your HR certifications. (ref: FB-GEN) | E9: https://wa.me/233244122855?text=Hi%20HRCC%2C%20I%27d%20like%20to%20know%20more%20about%20your%20HR%20certifications.%20%28ref%3A%20FB-GEN%29
A10: Instagram | B10: aPHRi | C10: IG-APHRI | D10: Hi HRCC, I'm interested in aPHRi for Cohort 49. (ref: IG-APHRI) | E10: https://wa.me/233244122855?text=Hi%20HRCC%2C%20I%27m%20interested%20in%20aPHRi%20for%20Cohort%2049.%20%28ref%3A%20IG-APHRI%29
A11: Instagram | B11: PHRi | C11: IG-PHRI | D11: Hi HRCC, I'm interested in PHRi for Cohort 49. (ref: IG-PHRI) | E11: https://wa.me/233244122855?text=Hi%20HRCC%2C%20I%27m%20interested%20in%20PHRi%20for%20Cohort%2049.%20%28ref%3A%20IG-PHRI%29
A12: Instagram | B12: SPHRi | C12: IG-SPHRI | D12: Hi HRCC, I'm interested in SPHRi for Cohort 49. (ref: IG-SPHRI) | E12: https://wa.me/233244122855?text=Hi%20HRCC%2C%20I%27m%20interested%20in%20SPHRi%20for%20Cohort%2049.%20%28ref%3A%20IG-SPHRI%29
A13: Instagram | B13: HRCC Consulting | C13: IG-CONSULT | D13: Hi HRCC, I'd like to know more about HRCC Consulting. (ref: IG-CONSULT) | E13: https://wa.me/233244122855?text=Hi%20HRCC%2C%20I%27d%20like%20to%20know%20more%20about%20HRCC%20Consulting.%20%28ref%3A%20IG-CONSULT%29
A14: Instagram | B14: General enquiry | C14: IG-GEN | D14: Hi HRCC, I'd like to know more about your HR certifications. (ref: IG-GEN) | E14: https://wa.me/233244122855?text=Hi%20HRCC%2C%20I%27d%20like%20to%20know%20more%20about%20your%20HR%20certifications.%20%28ref%3A%20IG-GEN%29
A15: LinkedIn | B15: aPHRi | C15: LI-APHRI | D15: Hi HRCC, I'm interested in aPHRi for Cohort 49. (ref: LI-APHRI) | E15: https://wa.me/233244122855?text=Hi%20HRCC%2C%20I%27m%20interested%20in%20aPHRi%20for%20Cohort%2049.%20%28ref%3A%20LI-APHRI%29
... A19: LinkedIn | B19: General enquiry | C19: LI-GEN | D19: Hi HRCC, I'd like to know more about your HR certifications. (ref: LI-GEN) | E19: https://wa.me/233244122855?text=Hi%20HRCC%2C%20I%27d%20like%20to%20know%20more%20about%20your%20HR%20certifications.%20%28ref%3A%20LI-GEN%29

Sheet UTM builder
A1: UTM link builder
A2: Fill the yellow cells. Column F builds the link. Keep everything lower case so Google Analytics groups it correctly.
A4: Base URL (page on the website or portal) | B4: Source | C4: Medium | D4: Campaign | E4: Content (programme_posttype) | F4: Tracked link (copy this)
A5: https://www.phrglobal.com/ | B5: instagram | C5: social | D5: cohort49 | E5: phri_classroom | F5: =IF(A5="","",A5&IF(ISNUMBER(FIND("?",A5)),"&","?")&"utm_source="&LOWER(B5)&"&utm_medium="&LOWER(C5)&"&utm_campaign="&LOWER(D5)&IF(E5="","","&utm_content="&LOWER(E5))) -> https://www.phrglobal.com/?utm_source=instagram&utm_medium=social&utm_campaign=cohort49&utm_content=phri_classroom | G5: Example row
D6: cohort49 | F6: =IF(A6="","",A6&IF(ISNUMBER(FIND("?",A6)),"&","?")&"utm_source="&LOWER(B6)&"&utm_medium="&LOWER(C6)&"&utm_campaign="&LOWER(D6)&IF(E6="","","&utm_content="&LOWER(E6)))
D7: cohort49 | F7: =IF(A7="","",A7&IF(ISNUMBER(FIND("?",A7)),"&","?")&"utm_source="&LOWER(B7)&"&utm_medium="&LOWER(C7)&"&utm_campaign="&LOWER(D7)&IF(E7="","","&utm_content="&LOWER(E7)))
D8: cohort49 | F8: =IF(A8="","",A8&IF(ISNUMBER(FIND("?",A8)),"&","?")&"utm_source="&LOWER(B8)&"&utm_medium="&LOWER(C8)&"&utm_campaign="&LOWER(D8)&IF(E8="","","&utm_content="&LOWER(E8)))
D9: cohort49 | F9: =IF(A9="","",A9&IF(ISNUMBER(FIND("?",A9)),"&","?")&"utm_source="&LOWER(B9)&"&utm_medium="&LOWER(C9)&"&utm_campaign="&LOWER(D9)&IF(E9="","","&utm_content="&LOWER(E9)))
D10: cohort49 | F10: =IF(A10="","",A10&IF(ISNUMBER(FIND("?",A10)),"&","?")&"utm_source="&LOWER(B10)&"&utm_medium="&LOWER(C10)&"&utm_campaign="&LOWER(D10)&IF(E10="","","&utm_content="&LOWER(E10)))
D11: cohort49 | F11: =IF(A11="","",A11&IF(ISNUMBER(FIND("?",A11)),"&","?")&"utm_source="&LOWER(B11)&"&utm_medium="&LOWER(C11)&"&utm_campaign="&LOWER(D11)&IF(E11="","","&utm_content="&LOWER(E11)))
D12: cohort49 | F12: =IF(A12="","",A12&IF(ISNUMBER(FIND("?",A12)),"&","?")&"utm_source="&LOWER(B12)&"&utm_medium="&LOWER(C12)&"&utm_campaign="&LOWER(D12)&IF(E12="","","&utm_content="&LOWER(E12)))
D13: cohort49 | F13: =IF(A13="","",A13&IF(ISNUMBER(FIND("?",A13)),"&","?")&"utm_source="&LOWER(B13)&"&utm_medium="&LOWER(C13)&"&utm_campaign="&LOWER(D13)&IF(E13="","","&utm_content="&LOWER(E13)))
D14: cohort49 | F14: =IF(A14="","",A14&IF(ISNUMBER(FIND("?",A14)),"&","?")&"utm_source="&LOWER(B14)&"&utm_medium="&LOWER(C14)&"&utm_campaign="&LOWER(D14)&IF(E14="","","&utm_content="&LOWER(E14)))
D15: cohort49 | F15: =IF(A15="","",A15&IF(ISNUMBER(FIND("?",A15)),"&","?")&"utm_source="&LOWER(B15)&"&utm_medium="&LOWER(C15)&"&utm_campaign="&LOWER(D15)&IF(E15="","","&utm_content="&LOWER(E15)))
D16: cohort49 | F16: =IF(A16="","",A16&IF(ISNUMBER(FIND("?",A16)),"&","?")&"utm_source="&LOWER(B16)&"&utm_medium="&LOWER(C16)&"&utm_campaign="&LOWER(D16)&IF(E16="","","&utm_content="&LOWER(E16)))
D17: cohort49 | F17: =IF(A17="","",A17&IF(ISNUMBER(FIND("?",A17)),"&","?")&"utm_source="&LOWER(B17)&"&utm_medium="&LOWER(C17)&"&utm_campaign="&LOWER(D17)&IF(E17="","","&utm_content="&LOWER(E17)))
... D30: cohort49 | F30: =IF(A30="","",A30&IF(ISNUMBER(FIND("?",A30)),"&","?")&"utm_source="&LOWER(B30)&"&utm_medium="&LOWER(C30)&"&utm_campaign="&LOWER(D30)&IF(E30="","","&utm_content="&LOWER(E30)))

Sheet Baseline DMs
A1: Baseline: reply time for 20 recent DMs
A2: Take the last 20 DMs that asked about a programme. Enter when each arrived and when someone first replied personally (not an automated reply).
A4: # | B4: Platform | C4: Received (date and time) | D4: First personal reply (date and time) | E4: Minutes to reply | F4: Within 15 minutes? | G4: Question asked
A5: Ex. | B5: Instagram | C5: 46293.42 | D5: 46293.486 | E5: =IF(AND(C5<>"",D5<>""),ROUND((D5-C5)*1440,0),"") -> 95 | F5: =IF(E5="","",IF(E5<=15,"Yes","No")) -> No | G5: PHRi fees
A6: 1 | E6: =IF(AND(C6<>"",D6<>""),ROUND((D6-C6)*1440,0),"") | F6: =IF(E6="","",IF(E6<=15,"Yes","No"))
A7: 2 | E7: =IF(AND(C7<>"",D7<>""),ROUND((D7-C7)*1440,0),"") | F7: =IF(E7="","",IF(E7<=15,"Yes","No"))
A8: 3 | E8: =IF(AND(C8<>"",D8<>""),ROUND((D8-C8)*1440,0),"") | F8: =IF(E8="","",IF(E8<=15,"Yes","No"))
A9: 4 | E9: =IF(AND(C9<>"",D9<>""),ROUND((D9-C9)*1440,0),"") | F9: =IF(E9="","",IF(E9<=15,"Yes","No"))
A10: 5 | E10: =IF(AND(C10<>"",D10<>""),ROUND((D10-C10)*1440,0),"") | F10: =IF(E10="","",IF(E10<=15,"Yes","No"))
A11: 6 | E11: =IF(AND(C11<>"",D11<>""),ROUND((D11-C11)*1440,0),"") | F11: =IF(E11="","",IF(E11<=15,"Yes","No"))
A12: 7 | E12: =IF(AND(C12<>"",D12<>""),ROUND((D12-C12)*1440,0),"") | F12: =IF(E12="","",IF(E12<=15,"Yes","No"))
A13: 8 | E13: =IF(AND(C13<>"",D13<>""),ROUND((D13-C13)*1440,0),"") | F13: =IF(E13="","",IF(E13<=15,"Yes","No"))
A14: 9 | E14: =IF(AND(C14<>"",D14<>""),ROUND((D14-C14)*1440,0),"") | F14: =IF(E14="","",IF(E14<=15,"Yes","No"))
A15: 10 | E15: =IF(AND(C15<>"",D15<>""),ROUND((D15-C15)*1440,0),"") | F15: =IF(E15="","",IF(E15<=15,"Yes","No"))
A16: 11 | E16: =IF(AND(C16<>"",D16<>""),ROUND((D16-C16)*1440,0),"") | F16: =IF(E16="","",IF(E16<=15,"Yes","No"))
A17: 12 | E17: =IF(AND(C17<>"",D17<>""),ROUND((D17-C17)*1440,0),"") | F17: =IF(E17="","",IF(E17<=15,"Yes","No"))
... A25: 20 | E25: =IF(AND(C25<>"",D25<>""),ROUND((D25-C25)*1440,0),"") | F25: =IF(E25="","",IF(E25<=15,"Yes","No"))
D27: DMs entered | E27: =COUNT(E6:E25) -> 0
D28: Average minutes to reply | E28: =IFERROR(AVERAGE(E6:E25),"")
D29: Median minutes to reply | E29: =IFERROR(MEDIAN(E6:E25),"")
D30: Share replied within 15 minutes | E30: =IFERROR(COUNTIF(F6:F25,"Yes")/COUNT(E6:E25),"")
A32: Note: minutes are clock time, so a DM sent at night counts the hours until morning. That is fine for a baseline, as long as the December re-check is measured the same way.

Sheet Weekly log
A1: Weekly log
A2: Fill one row every Friday. Tagged chat and enrolment numbers come from Sales; enquiries and automation counts from Meta Business Suite.
A4: Week starting (Monday) | B4: Enquiries (DMs + comments) | C4: Fully answered by automation | D4: Share automated | E4: Tagged chats: FB | F4: Tagged chats: IG | G4: Tagged chats: LI | H4: Tagged chats: total | I4: Social leads enrolled | J4: Keyword-triggered DMs | K4: Hours on repeat replies | L4: Notes
A5: 46300 | D5: =IF(OR(B5="",B5=0,C5=""),"",C5/B5) | H5: =IF(COUNT(E5:G5)=0,"",SUM(E5:G5))
A6: 46307 | D6: =IF(OR(B6="",B6=0,C6=""),"",C6/B6) | H6: =IF(COUNT(E6:G6)=0,"",SUM(E6:G6))
A7: 46314 | D7: =IF(OR(B7="",B7=0,C7=""),"",C7/B7) | H7: =IF(COUNT(E7:G7)=0,"",SUM(E7:G7))
A8: 46321 | D8: =IF(OR(B8="",B8=0,C8=""),"",C8/B8) | H8: =IF(COUNT(E8:G8)=0,"",SUM(E8:G8))
A9: 46328 | D9: =IF(OR(B9="",B9=0,C9=""),"",C9/B9) | H9: =IF(COUNT(E9:G9)=0,"",SUM(E9:G9))
A10: 46335 | D10: =IF(OR(B10="",B10=0,C10=""),"",C10/B10) | H10: =IF(COUNT(E10:G10)=0,"",SUM(E10:G10))
A11: 46342 | D11: =IF(OR(B11="",B11=0,C11=""),"",C11/B11) | H11: =IF(COUNT(E11:G11)=0,"",SUM(E11:G11))
A12: 46349 | D12: =IF(OR(B12="",B12=0,C12=""),"",C12/B12) | H12: =IF(COUNT(E12:G12)=0,"",SUM(E12:G12))
A13: 46356 | D13: =IF(OR(B13="",B13=0,C13=""),"",C13/B13) | H13: =IF(COUNT(E13:G13)=0,"",SUM(E13:G13))
A14: 46363 | D14: =IF(OR(B14="",B14=0,C14=""),"",C14/B14) | H14: =IF(COUNT(E14:G14)=0,"",SUM(E14:G14))
A15: 46370 | D15: =IF(OR(B15="",B15=0,C15=""),"",C15/B15) | H15: =IF(COUNT(E15:G15)=0,"",SUM(E15:G15))
A16: 46377 | D16: =IF(OR(B16="",B16=0,C16=""),"",C16/B16) | H16: =IF(COUNT(E16:G16)=0,"",SUM(E16:G16))
A17: 46384 | D17: =IF(OR(B17="",B17=0,C17=""),"",C17/B17) | H17: =IF(COUNT(E17:G17)=0,"",SUM(E17:G17))
A18: Q4 total | B18: =SUM(B5:B17) -> 0 | C18: =SUM(C5:C17) -> 0 | D18: =IF(B18=0,"",C18/B18) | E18: =SUM(E5:E17) -> 0 | F18: =SUM(F5:F17) -> 0 | G18: =SUM(G5:G17) -> 0 | H18: =SUM(H5:H17) -> 0 | I18: =SUM(I5:I17) -> 0 | J18: =SUM(J5:J17) -> 0 | K18: =IFERROR(AVERAGE(K5:K17),"")
K19: (weekly average)

Sheet Dashboard
A1: Q4 dashboard: Social Enquiry Routing
A2: Updates from the other sheets. Only the yellow December cells need typing.
A4: Measure | B4: Baseline | C4: Q4 so far | D4: Q4 target | E4: On target?
A5: Average minutes to a personal reply | B5: ='Baseline DMs'!E28 | D5: 15 | E5: =IF(OR(C5="",D5=""),"",IF(C5<=D5,"Yes","Not yet"))
A6: Share of DMs replied within 15 minutes | B6: ='Baseline DMs'!E30 | D6: 0.8 | E6: =IF(OR(C6="",D6=""),"",IF(C6>=D6,"Yes","Not yet"))
A7: Share of enquiries answered by automation | B7: 0 | C7: ='Weekly log'!D18 | D7: 0.6 | E7: =IF(OR(C7="",D7=""),"",IF(C7>=D7,"Yes","Not yet"))
A8: Tagged handovers to Sales | B8: 0 | C8: ='Weekly log'!H18 -> 0 | D8: Track
A9: Social leads enrolled | B9: 0 | C9: ='Weekly log'!I18 -> 0 | D9: Track
A10: Handover to enrolment rate | C10: =IFERROR('Weekly log'!I18/'Weekly log'!H18,"") | D10: Track
A11: Hours a week on repeat replies | B11: =IF('Weekly log'!K5="","",'Weekly log'!K5) | C11: =IFERROR(INDEX('Weekly log'!K5:K17,MATCH(9.99E+307,'Weekly log'!K5:K17)),"") | D11: =IF(B11="","",B11*2/3) | E11: =IF(OR(C11="",D11=""),"",IF(C11<=D11,"Yes","Not yet"))
A12: Keyword-triggered DMs | B12: 0 | C12: ='Weekly log'!J18 -> 0 | D12: Track
A14: Tagged handovers by platform | B14: Chats | C14: Share
A15: Facebook | B15: ='Weekly log'!E18 -> 0 | C15: =IFERROR(B15/SUM($B$15:$B$17),"")
A16: Instagram | B16: ='Weekly log'!F18 -> 0 | C16: =IFERROR(B16/SUM($B$15:$B$17),"")
A17: LinkedIn | B17: ='Weekly log'!G18 -> 0 | C17: =IFERROR(B17/SUM($B$15:$B$17),"")
A19: Targets come from the Q4 innovation brief. The 80% within-15-minutes target is a working figure; adjust once the baseline is in.
